{
	"x_value": {
		"1": {
			"y_value": {
				"1": {
					"recording_file_name": "1_1.csv",
					"frequencies": [
						400,
						600,
						800,
						1000,
						1200,
						1400
					],
					"graph_lines": {
						"400": {
							"start_time": 3.2135698795318604,
							"stop_time": 9.405136346817017,
							"vertical_lines": {
								"reverberation_time": {
									"x_value": 7.451372174481416,
									"y_upper_bound": 13.144866805270786,
									"y_lower_bound": 3.1448668052707855,
									"label_x": 7.451372174481416,
									"label_y": 8.144866805270786
								},
								"start_playing": {
									"x_value": 5.21356987953186,
									"y_upper_bound": 17.088326846852024,
									"y_lower_bound": 0,
									"label_x": 5.21356987953186,
									"label_y": 15.773840166324941
								},
								"stop_playing": {
									"x_value": 7.405136346817017,
									"y_upper_bound": 17.088326846852024,
									"y_lower_bound": 0,
									"label_x": 7.405136346817017,
									"label_y": 15.773840166324941
								}
							},
							"horizontal_lines": {
								"starting_intensity": {
									"y_value": 13.144866805270786,
									"x_upper_bound": 9.405136346817017,
									"x_lower_bound": 3.2135698795318604,
									"label_x": 7.405136346817017,
									"label_y": 15.773840166324941
								},
								"reverberation_intensity": {
									"y_value": 3.1448668052707855,
									"x_upper_bound": 9.405136346817017,
									"x_lower_bound": 3.2135698795318604,
									"label_x": 7.405136346817017,
									"label_y": 3.7738401663249426
								}
							}
						},
						"600": {
							"start_time": 8.405933618545532,
							"stop_time": 14.59610366821289,
							"vertical_lines": {
								"reverberation_time": {
									"x_value": 12.634675096784319,
									"y_upper_bound": 38.841627302212956,
									"y_lower_bound": 28.841627302212956,
									"label_x": 12.634675096784319,
									"label_y": 33.841627302212956
								},
								"start_playing": {
									"x_value": 10.405933618545532,
									"y_upper_bound": 50.494115492876844,
									"y_lower_bound": 0,
									"label_x": 10.405933618545532,
									"label_y": 46.609952762655546
								},
								"stop_playing": {
									"x_value": 12.59610366821289,
									"y_upper_bound": 50.494115492876844,
									"y_lower_bound": 0,
									"label_x": 12.59610366821289,
									"label_y": 46.609952762655546
								}
							},
							"horizontal_lines": {
								"starting_intensity": {
									"y_value": 38.841627302212956,
									"x_upper_bound": 14.59610366821289,
									"x_lower_bound": 8.405933618545532,
									"label_x": 12.59610366821289,
									"label_y": 46.609952762655546
								},
								"reverberation_intensity": {
									"y_value": 28.841627302212956,
									"x_upper_bound": 14.59610366821289,
									"x_lower_bound": 8.405933618545532,
									"label_x": 12.59610366821289,
									"label_y": 34.609952762655546
								}
							}
						},
						"800": {
							"start_time": 13.602907180786133,
							"stop_time": 19.79055881500244,
							"vertical_lines": {
								"reverberation_time": {
									"x_value": 17.82509396239473,
									"y_upper_bound": 64.81335726651278,
									"y_lower_bound": 54.81335726651278,
									"label_x": 17.82509396239473,
									"label_y": 59.81335726651278
								},
								"start_playing": {
									"x_value": 15.602907180786133,
									"y_upper_bound": 84.25736444646662,
									"y_lower_bound": 0,
									"label_x": 15.602907180786133,
									"label_y": 77.77602871981533
								},
								"stop_playing": {
									"x_value": 17.79055881500244,
									"y_upper_bound": 84.25736444646662,
									"y_lower_bound": 0,
									"label_x": 17.79055881500244,
									"label_y": 77.77602871981533
								}
							},
							"horizontal_lines": {
								"starting_intensity": {
									"y_value": 64.81335726651278,
									"x_upper_bound": 19.79055881500244,
									"x_lower_bound": 13.602907180786133,
									"label_x": 17.79055881500244,
									"label_y": 77.77602871981533
								},
								"reverberation_intensity": {
									"y_value": 54.81335726651278,
									"x_upper_bound": 19.79055881500244,
									"x_lower_bound": 13.602907180786133,
									"label_x": 17.79055881500244,
									"label_y": 65.77602871981533
								}
							}
						},
						"1000": {
							"start_time": 18.80563187599182,
							"stop_time": 24.995263814926147,
							"vertical_lines": {
								"reverberation_time": {
									"x_value": 23.031340912431816,
									"y_upper_bound": 39.47506991299716,
									"y_lower_bound": 29.475069912997157,
									"label_x": 23.031340912431816,
									"label_y": 34.47506991299716
								},
								"start_playing": {
									"x_value": 20.80563187599182,
									"y_upper_bound": 51.317590886896305,
									"y_lower_bound": 0,
									"label_x": 20.80563187599182,
									"label_y": 47.370083895596586
								},
								"stop_playing": {
									"x_value": 22.995263814926147,
									"y_upper_bound": 51.317590886896305,
									"y_lower_bound": 0,
									"label_x": 22.995263814926147,
									"label_y": 47.370083895596586
								}
							},
							"horizontal_lines": {
								"starting_intensity": {
									"y_value": 39.47506991299716,
									"x_upper_bound": 24.995263814926147,
									"x_lower_bound": 18.80563187599182,
									"label_x": 22.995263814926147,
									"label_y": 47.370083895596586
								},
								"reverberation_intensity": {
									"y_value": 29.475069912997157,
									"x_upper_bound": 24.995263814926147,
									"x_lower_bound": 18.80563187599182,
									"label_x": 22.995263814926147,
									"label_y": 35.370083895596586
								}
							}
						},
						"1200": {
							"start_time": 23.999937534332275,
							"stop_time": 30.18715739250183,
							"vertical_lines": {
								"reverberation_time": {
									"x_value": 28.222939705427002,
									"y_upper_bound": 45.11376120827415,
									"y_lower_bound": 35.11376120827415,
									"label_x": 28.222939705427002,
									"label_y": 40.11376120827415
								},
								"start_playing": {
									"x_value": 25.999937534332275,
									"y_upper_bound": 58.6478895707564,
									"y_lower_bound": 0,
									"label_x": 25.999937534332275,
									"label_y": 54.13651344992898
								},
								"stop_playing": {
									"x_value": 28.18715739250183,
									"y_upper_bound": 58.6478895707564,
									"y_lower_bound": 0,
									"label_x": 28.18715739250183,
									"label_y": 54.13651344992898
								}
							},
							"horizontal_lines": {
								"starting_intensity": {
									"y_value": 45.11376120827415,
									"x_upper_bound": 30.18715739250183,
									"x_lower_bound": 23.999937534332275,
									"label_x": 28.18715739250183,
									"label_y": 54.13651344992898
								},
								"reverberation_intensity": {
									"y_value": 35.11376120827415,
									"x_upper_bound": 30.18715739250183,
									"x_lower_bound": 23.999937534332275,
									"label_x": 28.18715739250183,
									"label_y": 42.13651344992898
								}
							}
						},
						"1400": {
							"start_time": 29.189072608947754,
							"stop_time": 35.377766847610474,
							"vertical_lines": {
								"reverberation_time": {
									"x_value": 33.41833374103451,
									"y_upper_bound": 14.093669544566762,
									"y_lower_bound": 4.093669544566762,
									"label_x": 33.41833374103451,
									"label_y": 9.093669544566762
								},
								"start_playing": {
									"x_value": 31.189072608947754,
									"y_upper_bound": 18.32177040793679,
									"y_lower_bound": 0,
									"label_x": 31.189072608947754,
									"label_y": 16.912403453480113
								},
								"stop_playing": {
									"x_value": 33.377766847610474,
									"y_upper_bound": 18.32177040793679,
									"y_lower_bound": 0,
									"label_x": 33.377766847610474,