{
	"x_value": {
		"1": {
			"y_value": {
				"1": {
					"recording_file_name": "1_1.csv",
					"frequencies": [
						400,
						600,
						800,
						1000,
						1200,
						1400
					],
					"graph_lines": {
						"400": {
							"start_time": 3.1127960681915283,
							"stop_time": 9.30466079711914,
							"vertical_lines": {
								"reverberation_time": {
									"x_value": 9.30466079711914,
									"y_upper_bound": 0.0,
									"y_lower_bound": -10.0,
									"label_x": 9.30466079711914,
									"label_y": -5.0
								},
								"start_playing": {
									"x_value": 5.112796068191528,
									"y_upper_bound": 0.0,
									"y_lower_bound": 0,
									"label_x": 5.112796068191528,
									"label_y": 0.0
								},
								"stop_playing": {
									"x_value": 7.304660797119141,
									"y_upper_bound": 0.0,
									"y_lower_bound": 0,
									"label_x": 7.304660797119141,
									"label_y": 0.0
								}
							},
							"horizontal_lines": {
								"starting_intensity": {
									"y_value": 0.0,
									"x_upper_bound": 9.30466079711914,
									"x_lower_bound": 3.1127960681915283,
									"label_x": 7.304660797119141,
									"label_y": 0.0
								},
								"reverberation_intensity": {
									"y_value": -10.0,
									"x_upper_bound": 9.30466079711914,
									"x_lower_bound": 3.1127960681915283,
									"label_x": 7.304660797119141,
									"label_y": -12.0
								}
							}
						},
						"600": {
							"start_time": 8.308547973632812,
							"stop_time": 14.496557235717773,
							"vertical_lines": {
								"reverberation_time": {
									"x_value": 14.496557235717773,
									"y_upper_bound": 0.0,
									"y_lower_bound": -10.0,
									"label_x": 14.496557235717773,
									"label_y": -5.0
								},
								"start_playing": {
									"x_value": 10.308547973632812,
									"y_upper_bound": 0.0,
									"y_lower_bound": 0,
									"label_x": 10.308547973632812,
									"label_y": 0.0
								},
								"stop_playing": {
									"x_value": 12.496557235717773,
									"y_upper_bound": 0.0,
									"y_lower_bound": 0,
									"label_x": 12.496557235717773,
									"label_y": 0.0
								}
							},
							"horizontal_lines": {
								"starting_intensity": {
									"y_value": 0.0,
									"x_upper_bound": 14.496557235717773,
									"x_lower_bound": 8.308547973632812,
									"label_x": 12.496557235717773,
									"label_y": 0.0
								},
								"reverberation_intensity": {
									"y_value": -10.0,
									"x_upper_bound": 14.496557235717773,
									"x_lower_bound": 8.308547973632812,
									"label_x": 12.496557235717773,
									"label_y": -12.0
								}
							}
						},
						"800": {
							"start_time": 13.500783920288086,
							"stop_time": 19.68905258178711,
							"vertical_lines": {
								"reverberation_time": {
									"x_value": 19.68905258178711,
									"y_upper_bound": 0.0,
									"y_lower_bound": -10.0,
									"label_x": 19.68905258178711,
									"label_y": -5.0
								},
								"start_playing": {
									"x_value": 15.500783920288086,
									"y_upper_bound": 0.0,
									"y_lower_bound": 0,
									"label_x": 15.500783920288086,
									"label_y": 0.0
								},
								"stop_playing": {
									"x_value": 17.68905258178711,
									"y_upper_bound": 0.0,
									"y_lower_bound": 0,
									"label_x": 17.68905258178711,
									"label_y": 0.0
								}
							},
							"horizontal_lines": {
								"starting_intensity": {
									"y_value": 0.0,
									"x_upper_bound": 19.68905258178711,
									"x_lower_bound": 13.500783920288086,
									"label_x": 17.68905258178711,
									"label_y": 0.0
								},
								"reverberation_intensity": {
									"y_value": -10.0,
									"x_upper_bound": 19.68905258178711,
									"x_lower_bound": 13.500783920288086,
									"label_x": 17.68905258178711,
									"label_y": -12.0
								}
							}
						},
						"1000": {
							"start_time": 18.703760147094727,
							"stop_time": 24.89300799369812,
							"vertical_lines": {
								"reverberation_time": {
									"x_value": 24.89300799369812,
									"y_upper_bound": 0.0,
									"y_lower_bound": -10.0,
									"label_x": 24.89300799369812,
									"label_y": -5.0
								},
								"start_playing": {
									"x_value": 20.703760147094727,
									"y_upper_bound": 0.0,
									"y_lower_bound": 0,
									"label_x": 20.703760147094727,
									"label_y": 0.0
								},
								"stop_playing": {
									"x_value": 22.89300799369812,
									"y_upper_bound": 0.0,
									"y_lower_bound": 0,
									"label_x": 22.89300799369812,
									"label_y": 0.0
								}
							},
							"horizontal_lines": {
								"starting_intensity": {
									"y_value": 0.0,
									"x_upper_bound": 24.89300799369812,
									"x_lower_bound": 18.703760147094727,
									"label_x": 22.89300799369812,
									"label_y": 0.0
								},
								"reverberation_intensity": {
									"y_value": -10.0,
									"x_upper_bound": 24.89300799369812,
									"x_lower_bound": 18.703760147094727,
									"label_x": 22.89300799369812,
									"label_y": -12.0
								}
							}
						},
						"1200": {
							"start_time": 23.904529094696045,
							"stop_time": 30.092205047607422,
							"vertical_lines": {
								"reverberation_time": {
									"x_value": 30.092205047607422,
									"y_upper_bound": 0.0,
									"y_lower_bound": -10.0,
									"label_x": 30.092205047607422,
									"label_y": -5.0
								},
								"start_playing": {
									"x_value": 25.904529094696045,
									"y_upper_bound": 0.0,
									"y_lower_bound": 0,
									"label_x": 25.904529094696045,
									"label_y": 0.0
								},
								"stop_playing": {
									"x_value": 28.092205047607422,
									"y_upper_bound": 0.0,
									"y_lower_bound": 0,
									"label_x": 28.092205047607422,
									"label_y": 0.0
								}
							},
							"horizontal_lines": {
								"starting_intensity": {
									"y_value": 0.0,
									"x_upper_bound": 30.092205047607422,
									"x_lower_bound": 23.904529094696045,
									"label_x": 28.092205047607422,
									"label_y": 0.0
								},
								"reverberation_intensity": {
									"y_value": -10.0,
									"x_upper_bound": 30.092205047607422,
									"x_lower_bound": 23.904529094696045,
									"label_x": 28.092205047607422,
									"label_y": -12.0
								}
							}
						},
						"1400": {
							"start_time": 29.09494709968567,
							"stop_time": 35.2835578918457,
							"vertical_lines": {
								"reverberation_time": {
									"x_value": 35.00002047687972,
									"y_upper_bound": 0.0,
									"y_lower_bound": -10.0,
									"label_x": 35.00002047687972,
									"label_y": -5.0
								},
								"start_playing": {
									"x_value": 31.09494709968567,
									"y_upper_bound": 0.0,
									"y_lower_bound": 0,
									"label_x": 31.09494709968567,
									"label_y": 0.0
								},
								"stop_playing": {
									"x_value": 33.2835578918457,
									"y_upper_bound": 0.0,
									"y_lower_bound": 0,
									"label_x": 33.2835578918457,
									"label_y": 0.0
								}
							},
							"horizontal_lines": {
								"starting_intensity": {
									"y_value": 0.0,
									"x_upper_bound": 35.2835578918457,
									"x_lower_bound": 29.09494709968567,
									"label_x": 33.2835578918457,
									"label_y": 0.0
								},
								"reverberation_intensity": {
									"y_value": -10.0,
									"x_upper_bound": 35.2835578918457,
									"x_lower_bound": 29.09494709968567,
									"label_x": 33.2835578918457,
									"label_y": -12.0
								}
							}
						}
					}
				}
			}
		},
		"run": {
			"y_value": {
				"1": {
					"recording_file_name": "run_1.csv",
					"frequencies": [
						400,
						600,
						800,
						1000,
						1200,
						1400
					],
					"graph_lines": {
						"400": {
							"start_time": 3.120229959487915,
							"stop_time": 9.311776399612427,