{"x_value": {"0": {"y_value": {"0": {"recording_file_name": "0_0.csv", "frequencies": [400, 600, 800, 1000, 1200, 1400], "graph_lines": {"1400": {"start_time": 29.76465940475464, "stop_time": <class "int">, "vertical_lines": {"reverberation_time": {"x_value": 35.00000578523493, "y_upper_bound": 3.3304306436853026, "y_lower_bound": -6.669569356314698, "label_x": 35.00000578523493, "label_y": -1.6695693563146974}, "start_playing": {"x_value": 31.76465940475464, "y_upper_bound": 4.329559836790893, "y_lower_bound": 0, "label_x": 31.76465940475464, "label_y": 3.996516772422363}, "stop_playing": {"x_value": 33.95415544509888, "y_upper_bound": 4.329559836790893, "y_lower_bound": 0, "label_x": 33.95415544509888, "label_y": 3.996516772422363}}, "horizontal_lines": {"starting_intensity": {"y_value": 3.3304306436853026, "x_upper_bound": 35.95415544509888, "x_lower_bound": 29.76465940475464, "label_x": 33.95415544509888, "label_y": 3.996516772422363}, "reverberation_intensity": {"y_value": -6.669569356314698, "x_upper_bound": 35.95415544509888, "x_lower_bound": 29.76465940475464, "label_x": 33.95415544509888, "label_y": -8.003483227577638}}}}}}}}}