{
	"x_value": {
		"1": {
			"y_value": {
				"1": {
					"recording_file_name": "1_1.csv",
					"frequencies": [
						400,
						600,
						800,
						1000,
						1200,
						1400
					],
					"graph_lines": {
						"400": {
							"start_time": 3.87190580368042,
							"stop_time": 10.043466806411743,
							"vertical_lines": {
								"reverberation_time": {
									"x_value": 8.095689028633965,
									"y_upper_bound": 73.44664283751523,
									"y_lower_bound": 63.44664283751523,
									"label_x": 8.095689028633965,
									"label_y": 68.44664283751523
								},
								"start_playing": {
									"x_value": 5.87190580368042,
									"y_upper_bound": 95.4806356887698,
									"y_lower_bound": 0,
									"label_x": 5.87190580368042,
									"label_y": 88.13597140501827
								},
								"stop_playing": {
									"x_value": 8.043466806411743,
									"y_upper_bound": 95.4806356887698,
									"y_lower_bound": 0,
									"label_x": 8.043466806411743,
									"label_y": 88.13597140501827
								}
							},
							"horizontal_lines": {
								"starting_intensity": {
									"y_value": 73.44664283751523,
									"x_upper_bound": 10.043466806411743,
									"x_lower_bound": 3.87190580368042,
									"label_x": 8.043466806411743,
									"label_y": 88.13597140501827
								},
								"reverberation_intensity": {
									"y_value": 63.44664283751523,
									"x_upper_bound": 10.043466806411743,
									"x_lower_bound": 3.87190580368042,
									"label_x": 8.043466806411743,
									"label_y": 76.13597140501827
								}
							}
						},
						"600": {
							"start_time": 9.045444250106812,
							"stop_time": 15.233615159988403,
							"vertical_lines": {
								"reverberation_time": {
									"x_value": 13.288127631643732,
									"y_upper_bound": 77.45906566834994,
									"y_lower_bound": 67.45906566834994,
									"label_x": 13.288127631643732,
									"label_y": 72.45906566834994
								},
								"start_playing": {
									"x_value": 11.045444250106812,
									"y_upper_bound": 100.69678536885492,
									"y_lower_bound": 0,
									"label_x": 11.045444250106812,
									"label_y": 92.95087880201991
								},
								"stop_playing": {
									"x_value": 13.233615159988403,
									"y_upper_bound": 100.69678536885492,
									"y_lower_bound": 0,
									"label_x": 13.233615159988403,
									"label_y": 92.95087880201991
								}
							},
							"horizontal_lines": {
								"starting_intensity": {
									"y_value": 77.45906566834994,
									"x_upper_bound": 15.233615159988403,
									"x_lower_bound": 9.045444250106812,
									"label_x": 13.233615159988403,
									"label_y": 92.95087880201991
								},
								"reverberation_intensity": {
									"y_value": 67.45906566834994,
									"x_upper_bound": 15.233615159988403,
									"x_lower_bound": 9.045444250106812,
									"label_x": 13.233615159988403,
									"label_y": 80.95087880201991
								}
							}
						},
						"800": {
							"start_time": 14.233944654464722,
							"stop_time": 20.42219829559326,
							"vertical_lines": {
								"reverberation_time": {
									"x_value": 18.465985143665826,
									"y_upper_bound": 89.0,
									"y_lower_bound": 79.0,
									"label_x": 18.465985143665826,
									"label_y": 84.0
								},
								"start_playing": {
									"x_value": 16.23394465446472,
									"y_upper_bound": 115.7,
									"y_lower_bound": 0,
									"label_x": 16.23394465446472,
									"label_y": 106.8
								},
								"stop_playing": {
									"x_value": 18.42219829559326,
									"y_upper_bound": 115.7,
									"y_lower_bound": 0,
									"label_x": 18.42219829559326,
									"label_y": 106.8
								}
							},
							"horizontal_lines": {
								"starting_intensity": {
									"y_value": 89.0,
									"x_upper_bound": 20.42219829559326,
									"x_lower_bound": 14.233944654464722,
									"label_x": 18.42219829559326,
									"label_y": 106.8
								},
								"reverberation_intensity": {
									"y_value": 79.0,
									"x_upper_bound": 20.42219829559326,
									"x_lower_bound": 14.233944654464722,
									"label_x": 18.42219829559326,
									"label_y": 94.8
								}
							}
						},
						"1000": {
							"start_time": 19.422572374343872,
							"stop_time": 25.611239671707153,
							"vertical_lines": {
								"reverberation_time": {
									"x_value": 23.658314501639126,
									"y_upper_bound": 81.11450061052462,
									"y_lower_bound": 71.11450061052462,
									"label_x": 23.658314501639126,
									"label_y": 76.11450061052462
								},
								"start_playing": {
									"x_value": 21.422572374343872,
									"y_upper_bound": 105.448850793682,
									"y_lower_bound": 0,
									"label_x": 21.422572374343872,
									"label_y": 97.33740073262953
								},
								"stop_playing": {
									"x_value": 23.611239671707153,
									"y_upper_bound": 105.448850793682,
									"y_lower_bound": 0,
									"label_x": 23.611239671707153,
									"label_y": 97.33740073262953
								}
							},
							"horizontal_lines": {
								"starting_intensity": {
									"y_value": 81.11450061052462,
									"x_upper_bound": 25.611239671707153,
									"x_lower_bound": 19.422572374343872,
									"label_x": 23.611239671707153,
									"label_y": 97.33740073262953
								},
								"reverberation_intensity": {
									"y_value": 71.11450061052462,
									"x_upper_bound": 25.611239671707153,
									"x_lower_bound": 19.422572374343872,
									"label_x": 23.611239671707153,
									"label_y": 85.33740073262953
								}
							}
						},
						"1200": {
							"start_time": 24.611358404159546,
							"stop_time": 30.799043655395508,
							"vertical_lines": {
								"reverberation_time": {
									"x_value": 28.847274947912513,
									"y_upper_bound": 80.7658972031107,
									"y_lower_bound": 70.7658972031107,
									"label_x": 28.847274947912513,
									"label_y": 75.7658972031107
								},
								"start_playing": {
									"x_value": 26.611358404159546,
									"y_upper_bound": 104.99566636404391,
									"y_lower_bound": 0,
									"label_x": 26.611358404159546,
									"label_y": 96.91907664373284
								},
								"stop_playing": {
									"x_value": 28.799043655395508,
									"y_upper_bound": 104.99566636404391,
									"y_lower_bound": 0,
									"label_x": 28.799043655395508,
									"label_y": 96.91907664373284
								}
							},
							"horizontal_lines": {
								"starting_intensity": {
									"y_value": 80.7658972031107,
									"x_upper_bound": 30.799043655395508,
									"x_lower_bound": 24.611358404159546,
									"label_x": 28.799043655395508,
									"label_y": 96.91907664373284
								},
								"reverberation_intensity": {
									"y_value": 70.7658972031107,
									"x_upper_bound": 30.799043655395508,
									"x_lower_bound": 24.611358404159546,
									"label_x": 28.799043655395508,
									"label_y": 84.91907664373284
								}
							}
						},
						"1400": {
							"start_time": 29.7995445728302,
							"stop_time": 35.987035512924194,
							"vertical_lines": {
								"reverberation_time": {
									"x_value": 34.03633256507839,
									"y_upper_bound": 75.80574772761854,
									"y_lower_bound": 65.80574772761854,
									"label_x": 34.03633256507839,
									"label_y": 70.80574772761854
								},
								"start_playing": {
									"x_value": 31.7995445728302,
									"y_upper_bound": 98.5474720459041,
									"y_lower_bound": 0,
									"label_x": 31.7995445728302,
									"label_y": 90.96689727314224
								},
								"stop_playing": {
									"x_value": 33.987035512924194,
									"y_upper_bound": 98.5474720459041,
									"y_lower_bound": 0,
									"label_x": 33.987035512924194,
									"label_y": 90.96689727314224
								}
							},
							"horizontal_lines": {
								"starting_intensity": {
									"y_value": 75.80574772761854,