DB_level,frequency,microphone_intensity
20.0,500,0.040892023339493724
30.0,500,0.08538823828475023
40.0,500,0.13046532634338598
