DB_level,frequency,microphone_intensity
20.0,500,0.0408920233394937
30.0,500,0.0853882382847502
40.0,500,0.1304653263433859
21.0,600,0.040001817928847445
23.0,600,0.045990591835377466
23.0,600,0.049720846196656586
38.0,600,0.09181207909806227
51.0,600,0.14863920040882617
